ID,Name,Concepticon_ID,Concepticon_Gloss,Chinese_Gloss
2_sun,sun,1343,SUN,太阳
3_moon,moon,1313,MOON,月亮
4_star,star,1430,STAR,星星
5_cloud,cloud,1489,CLOUD,云
6_rainbow,rainbow,1733,RAINBOW,虹
7_thunder,thunder,1150,THUNDER,雷
8_lightning,lightning,1654,LIGHTNING,闪
9_wind,wind,960,WIND,风
10_rain,rain,658,RAIN (PRECIPITATION),雨
11_snow,snow,784,SNOW,雪
12_dew,dew,1977,DEW,露水
13_frost,frost,2034,FROST,霜
14_fire,fire,221,FIRE,火
15_ash,ash,646,ASH,灰
16_smoke,smoke,778,SMOKE (EXHAUST),烟
17_dust,dust,2,DUST,扬尘
18_ground,ground,2159,GROUND,地
19_mountain,mountain,639,MOUNTAIN,山
20_cavehole,cave/ hole,1667,HOLE,洞
21_river,river,3311,FLOWING BODY OF WATER,河
22_pond,pond,2035,POND,池塘
23_ditchgully,ditch (gully),2002,DITCH,沟
24_well,well,954,WELL,井
25_road,road,667,ROAD,路
26_paddyfield,paddy field,140,PADDY FIELD,水田
27_field,field,212,FIELD,旱地
28_stone,stone,857,STONE,石头
29_sand,sand,671,SAND,沙子
30_mud,mud,640,MUD,泥巴
31_water,water,948,WATER,水
32_iron,iron,621,IRON,铁
33_coal,coal,2658,COAL,煤
34_village,village,930,VILLAGE,村寨
35_market,market,633,MARKET,集市
36_bridge,bridge,1011,BRIDGE,桥
37_grave,grave,1773,GRAVE,坟墓
38_gardenplot,garden (plot),586,GARDEN,菜园
39_bambootwigfence,bamboo/twig fence,1690,FENCE,篱笆
40_humanbeing,human being,683,PERSON,人
41_hanchinese,Han Chinese,3373,HAN CHINESE,汉族
42_ethniclabel,ethnic label,3433,AUTONYM (OF PEOPLE),族称
43_child,child,2099,CHILD,小孩
44_oldman,old man,406,OLD MAN,老头儿
45_oldlady,old lady,907,OLD WOMAN,老太太
46_girl,girl,1646,GIRL,姑娘
47_ablindperson,a blind person,457,BLIND PERSON,瞎子
48_alameperson,a lame person,2322,LAME PERSON,跛子
49_adeafperson,a deaf person,458,DEAF PERSON,聋子
50_apersonwithapockmarkedface,a person with a pockmarked face,3366,PIMPLEFACE,麻子
51_amute,a mute,1666,MUTE,哑巴
52_orphan,orphan,1149,ORPHAN,孤儿
53_theonlyson,the only son,,,独子
54_guest,guest,1782,GUEST,客人
55_friend,friend,1325,FRIEND,朋友
56_carpenter,carpenter,1042,CARPENTER,木匠
57_thief,thief,1160,THIEF,贼
58_name,name,1405,NAME,名字
59_age,age,1789,AGE,年纪
60_shadow,shadow,1388,SHADE,影子
61_physicalstrength,physical strength,202,STRENGTH,力气
62_ghostspirit,ghost/ spirit,1175,GHOST,鬼
63_grandfather,grandfather,1383,GRANDFATHER,祖父
64_grandmother,grandmother,1496,GRANDMOTHER,祖母
65_father,father,1217,FATHER,父亲
66_mother,mother,1216,MOTHER,母亲
67_son,son,1620,SON,儿子
68_daughterinlaw,daughter-in-law,1057,DAUGHTER-IN-LAW,儿媳
69_daughter,daughter,1357,DAUGHTER,女儿
70_soninlaw,son-in-law,1056,SON-IN-LAW,女婿
71_grandson,grandson,1618,GRANDSON,孙子
72_elderbrother,elder brother,1759,OLDER BROTHER,哥哥
73_eldersister,elder sister,1758,OLDER SISTER,姐姐
74_youngerbrother,younger brother,1760,YOUNGER BROTHER,弟弟
75_youngersister,younger sister,1761,YOUNGER SISTER,妹妹
76_sisterinlawolderbrotherswife,sister-in-law (older brother's wife),2695,SISTER-IN-LAW (OLDER BROTHER'S WIFE),嫂子
77_maternalunclemothersbrother,maternal uncle (mother's brother),2692,MATERNAL UNCLE (MOTHER'S BROTHER),舅父
78_maternalauntmothersbrotherswife,maternal aunt (mother's brother's wife),2172,MATERNAL AUNT (WIFE OF MOTHER'S BROTHER),舅母
79_husband,husband,1200,HUSBAND,丈夫
80_wife,wife,1199,WIFE,妻子
81_body,body,1480,BODY,身体
82_head,head,1256,HEAD,头
83_hair,hair,2648,HAIR (HEAD),头发
84_braidplait,braid/ plait,333,PLAIT,辫子
85_eyebrow,eyebrow,1173,EYEBROW,眉毛
86_eye,eye,1248,EYE,眼睛
87_nose,nose,1221,NOSE,鼻子
88_ear,ear,1247,EAR,耳朵
89_face,face,1560,FACE,脸
90_mouth,mouth,674,MOUTH,嘴，口
91_beardmoustachegoatee,beard/ moustache/ goatee,678,BEARD,胡须
92_chin,chin,1510,CHIN,下巴
93_neck,neck,1333,NECK,脖子
94_shoulder,shoulder,1482,SHOULDER,肩膀
96_chest,chest,1592,CHEST,胸脯
97_belly,belly,1251,BELLY,肚子
98_navel,navel,1838,NAVEL,肚脐
99_waist,waist,1681,WAIST,腰
100_buttocks,buttocks,834,BUTTOCKS,屁股
101_anaus,anaus,1935,ANUS,肛门
102_leg,leg,1297,LEG,腿
103_foot,foot,1301,FOOT,脚
104_hand,hand,1277,HAND,手
105_finger,finger,1303,FINGER,手指
106_nail,nail,1258,FINGERNAIL,指甲
107_fist,fist,1473,FIST,拳
108_skin,skin,763,SKIN,皮肤
109_tendon,tendon,1137,TENDON,筋
110_brains,brains,1583,BRAIN,脑髓
111_bone,bone,1394,BONE,骨头
112_tooth,tooth,1380,TOOTH,牙齿
113_tongue,tongue,1205,TONGUE,舌
114_throat,throat,1346,THROAT,喉咙
115_lung,lung,688,LUNG,肺
116_heart,heart,1223,HEART,心脏
117_liver,liver,1224,LIVER,肝
118_stomach,stomach,819,STOMACH,胃
119_gallbladder,gall bladder,3372,GALL BLADDER,胆
120_blood,blood,946,BLOOD,血
121_milk,milk,635,MILK,奶汁
122_excrement,excrement,675,FAECES (EXCREMENT),屎
123_intestine,intestine,1991,INTESTINES,肠子
124_urine,urine,1142,URINE,尿
125_sweat,sweat,2458,PERSPIRE OR SWEAT,汗
126_saliva,saliva,1503,SALIVA,口水
127_nasalmucus,nasal mucus,208,NASAL MUCUS (SNOT),鼻涕
128_tears,tears,1651,TEAR (OF EYE),眼泪
129_pus,pus,1808,PUS,脓
130_wildcattlebovine,wild cattle (bovine),3044,BOVINE,牛
131_buffalo,buffalo,2516,WATER BUFFALO,水牛
132_cattlebostaurus,cattle (bos taurus),1153,CATTLE,黄牛
133_cow,cow,1007,COW,母牛
134_bull,bull,1008,BULL,公牛
135_calf,calf,1989,CALF,牛犊
136_hornofcow,horn (of cow),1393,HORN (ANATOMY),（牛）角
137_hoof,hoof,152,HOOF,蹄
138_skinofanimal,skin (of animal),2614,SKIN (ANIMAL),皮
139_featherorfurofanimal,feather or fur (of animal),2381,FEATHER OR FUR OR HAIR,毛
140_tail,tail,1220,TAIL,尾巴
141_horse,horse,615,HORSE,马
142_sheepgeneral,sheep (general),2684,CAPRINE (GOAT OR SHEEP),羊
143_pig,pig,1337,PIG,猪
144_dog,dog,2009,DOG,狗
145_cat,cat,1208,CAT,猫
146_rabbit,rabbit,2345,LEPORID (RABBIT OR HARE),兔子
147_chicken,chicken,1318,CHICKEN,鸡
148_cock,cock,1511,ROOSTER,公鸡
149_hen,hen,1514,HEN,母鸡
150_combofcock,comb of cock,188,COMB OF BIRD,鸡冠
151_clawtalon,claw (talon),72,CLAW,爪子
152_wing,wing,1257,WING,翅膀
153_duck,duck,1360,DUCK,鸭子
154_goose,goose,1187,GOOSE,鹅
155_dove,dove,1853,DOVE,鸽子
156_tiger,tiger,846,TIGER,老虎
157_monkey,monkey,1350,MONKEY,猴子
158_bear,bear,1820,BEAR,熊
159_wildboar,wild boar,3154,WILD BOAR,野猪
160_pangolin,pangolin,2508,PANGOLIN,穿山甲
161_mouse,mouse,2139,MUROID (MOUSE OR RAT),老鼠
162_yellowweasel,yellow weasel,,,黄鼠狼
163_fox,fox,1312,FOX,狐狸
164_bird,bird,937,BIRD,鸟
165_birdsnest,bird‘s nest,3549,BIRD NEST,鸟窝
166_blackearedkitehawk,black-eared kite/ hawk,1905,EAGLE,老鹰
167_owl,owl,735,OWL,猫头鹰
168_swallow,swallow,3077,SWALLOW (BIRD),燕子
169_sparrow,sparrow,1854,SPARROW,麻雀
170_crow,crow,913,CROW,乌鸦
171_pheasant,pheasant,3060,PHEASANT,野鸡
172_turtledovestreptopeliaorientalis,turtledove (streptopelia orientalis),,,斑鸠
173_woodpecker,woodpecker,2447,WOODPECKER,啄木鸟
174_snake,snake,730,SNAKE,蛇
175_frog,frog,503,FROG,青蛙
176_fish,fish,227,FISH,鱼
177_scale,scale,266,SCALE,鳞
178_eel,eel,1013,FRESHWATER EEL,黄鳝
179_mudfishloach,mudfish (loach),,,泥鳅
180_shrimp,shrimp,2349,SHRIMP,虾
181_crab,crab,2348,CRAB,螃蟹
182_riversnails,river snails,1543,SNAIL,螺蛳
183_leech,leech,2273,LEECH,蚂蟥
184_insectworm,insect (worm),620,INSECT,虫
185_bedbug,bedbug,1949,BEDBUG,臭虫
186_louse,louse,1392,LOUSE,虱子
187_flyinsect,fly (insect),1504,FLY (INSECT),苍蝇
188_maggot,maggot,2640,LARVA,蛆
189_mosquito,mosquito,1509,MOSQUITO,蚊子
190_spider,spider,843,SPIDER,蜘蛛
191_earthworm,earthworm,2350,EARTHWORM,蚯蚓
192_roundworm,roundworm,3397,ROUNDWORM,蛔虫
193_ant,ant,587,ANT,蚂蚁
194_bee,bee,665,BEE,蜜蜂
195_wasp,wasp,1517,WASP,马蜂
196_waspnest,wasp nest,3412,WASP NEST,马蜂窝
197_mantis,mantis,3279,MANTIS,螳螂
198_dragonfly,dragonfly,2352,DRAGONFLY,蜻蜓
199_butterfly,butterfly,1791,BUTTERFLY,蝴蝶
200_tree,tree,906,TREE,树
201_trunk,trunk,344,TREE TRUNK,树干
202_branchtwig,branch/ twig,1531,BRANCH,樹枝
203_treetop,tree top,3036,TREETOP,树梢
204_root,root,670,ROOT,树根
205_leaf,leaf,628,LEAF,叶子
206_flower,flower,239,FLOWER,花
207_fruit,fruit,1507,FRUIT,果子
208_sproutshoot,sprout (shoot),3358,SPROUT (SHOOT),芽
209_fir,fir,1915,FIR,杉树
210_pine,pine,1740,PINE,松树
211_peach,peach,2043,PEACH,桃
212_plum,plum,2356,CHINESE PLUM,李子
213_pear,pear,922,PEAR,梨
214_orange,orange,2627,ORANGE (FRUIT),橘子
215_persimmon,persimmon,2044,PERSIMMON,柿子
216_grape,grape,920,GRAPE,葡萄
217_bamboo,bamboo,1927,BAMBOO,竹子
218_canevine,cane/ vine,2497,RATTAN,藤子
219_ramie,ramie,3063,RAMIE,苎麻
220_thornsplinter,thorn/ splinter,124,THORN,刺
221_paddyrice,paddy rice,3390,WILD RICE,水稻
222_seed,seed,714,SEED,种子
223_riceseedling,(rice) seedling,3050,SEEDLING,秧
224_maizecorn,maize/ corn,506,MAIZE,包谷
225_sorghum,sorghum,347,SORGHUM,高粱
226_grain,grain,605,GRAIN,粟
227_vegetable,vegetable,924,VEGETABLES,菜
228_chinesecabbage,Chinese cabbage,774,CABBAGE,白菜
229_rapeseedflowers,rapeseed flowers,,,油菜
230_garlicchives,garlic chives,,,韭菜
231_turnip,turnip,3062,TURNIP,萝卜
232_taro,taro,351,TARO,芋头
233_aubergine,aubergine,1146,AUBERGINE,茄子
234_hotpepperchili,hot pepper/ chili,919,CHILI PEPPER,辣椒
235_onionscallion,onion/ scallion,2366,ONION,葱
236_garlic,garlic,2368,GARLIC,蒜
237_ginger,ginger,2500,GINGER,姜
238_sweetpotato,sweet potato,159,SWEET POTATO,红薯
239_bambooshoot,bamboo shoot,2494,BAMBOO SHOOT,笋
240_melongourd,melon/ gourd,3398,GOURD OR MELON,瓜
241_melonorgourdvine,melon or gourd vine,,,瓜藤
242_guazibakedplanetseedakindofsnack,guazi (baked planet seed/ a kind of snack),,,瓜子
243_pumpkin,pumpkin,864,PUMPKIN,南瓜
244_watermelon,water melon,2766,WATERMELON,西瓜
245_cucumber,cucumber,496,CUCUMBER,黄瓜
246_gourd,gourd,411,GOURD,葫芦
247_waxgourd,wax gourd,3444,WAX GOURD,冬瓜
248_bean,bean,2574,BEAN OR PEA,豆
249_soyabean,soya bean,2027,SOYA,黄豆
250_cowpea,cow pea,,,豇豆
251_peanut,peanut,2364,PEANUT,花生
252_sesame,sesame,2797,SESAME,芝麻
253_grass,grass,606,GRASS,草
254_imperata,imperata,,,茅草
255_agroupofmiaopeople,a group of Miao people,,,蓝靛苗
256_bracken,bracken,,,蕨菜
257_mushroom,mushroom,641,MUSHROOM,蘑菇
258_mueranediblefungus,muer (an edible fungus),3392,MUER (FUNGUS),木耳
259_rice,rice,926,RICE,米
260_glutinousrice,glutinous rice,2750,GLUTINOUS RICE,糯米
261_cookedrice,cooked rice,1191,COOKED RICE,饭
262_congeegruelporridge,"congee (gruel, porridge)",2049,CONGEE,粥
263_atypeofbread,a type of bread,,,粑粑
264_flour,flour,1594,FLOUR,面粉
265_meat,meat,634,MEAT,肉
266_beef,beef,2570,BEEF,牛肉
267_lamb,lamb,3394,SHEEP MEAT,羊肉
268_pork,pork,2769,PORK,猪肉
269_fatmeat,fat meat,,,肥肉
270_leanmeat,lean meat,3393,LEAN MEAT,瘦肉
271_lardpigfat,lard (pig fat),2557,PIG FAT,猪油
272_vegetableoil,vegetable oil,2555,OIL (FROM PLANTS),菜油
273_salt,salt,1274,SALT,盐
274_sugar,sugar,862,SUGAR,糖
275_whitesugar,white sugar,3441,WHITE SUGAR,白糖
276_brownsugar,brown sugar,3440,BROWN SUGAR,红糖
277_egg,egg,744,EGG,蛋
278_eggwhite,egg white,3439,WHITE (OF EGGS),蛋白
279_yolk,yolk,1556,YOLK,蛋黄
280_shell,shell,598,SHELL,壳儿
281_tofu,tofu,3443,TOFU,豆腐
282_soup,soup,1547,SOUP,汤
283_alcoholicbeverage,alcoholic beverage,404,ALCOHOL (FERMENTED DRINK),酒
284_tea,tea,1373,TEA,茶
285_tealeaf,tea leaf,,,茶叶
286_liquorsweet,liquor (sweet),842,LIQUOR,甜酒
287_boiledwater,boiled water,3362,BOILED WATER,开水
288_medicine,medicine,1372,MEDICINE,药
289_chaffbran,chaff/ bran,2363,CHAFF (HUSK),糠
290_cotton,cotton,1850,COTTON,棉花
291_yarn,yarn,3445,YARN,纱
292_cloth,cloth,1616,CLOTH,布
293_clothinggarment,clothing (garment),1895,CLOTHES,衣
294_cottonpaddedjacket,cotton-padded jacket,,,棉衣
295_collar,collar,2012,COLLAR,衣领
296_sleeve,sleeve,2953,SLEEVE,袖子
297_button,button,757,BUTTON,扣子
298_pocket,pocket,1851,POCKET,衣袋
299_pantstrousers,pants/ trousers,809,TROUSERS,裤子
300_skirt,skirt,1600,SKIRT,裙子
301_headcovering,head covering,,,头巾
302_hat,hat,771,HAT,帽子
303_legging,legging,,,裹腿布
304_shoe,shoe,1381,SHOE,鞋
305_strawsandal,straw sandal,2047,STRAW SANDAL,草鞋
306_sockstocking,sock (stocking),1522,SOCK,袜子
307_straworpalmbarkraincape,straw or palm-bark rain cape,3540,STRAW RAINCOAT,蓑衣
308_bamboohat,bamboo hat,2160,BAMBOO HAT,斗笠
309_quilt,quilt,2048,QUILT,被子
310_pillow,pillow,1044,PILLOW,枕头
311_mat,mat,195,MAT,席子
312_mosquitonet,mosquito net,2795,MOSQUITO NET,蚊帐
313_cottonwool,cotton wool,3442,COTTON WOOL,棉絮
314_house,house,1252,HOUSE,房子
315_tilehouse,tile house,,,瓦房
316_thatchedcottage,thatched cottage,,,草房
317_kitchen,kitchen,1365,KITCHEN,厨房
318_toilet,toilet,219,TOILET,厕所
319_storehouse,storehouse,3399,WAREHOUSE,仓库
320_cowshed,cowshed,3025,BARN OR SHED,牛圈
321_door,door,1567,DOOR,门
322_brick,brick,1006,BRICK,砖
323_tile,tile,3404,TILE,瓦
324_wall,wall,3830,WALL,墙
325_building,building,3396,BUILDING,楼
326_window,window,1375,WINDOW,窗子
327_wood,wood,1803,WOOD,木头
328_board,board,1227,BOARD,木板
329_column,column,2045,COLUMN,柱子
330_step,step,1158,STEP,台阶
331_boat,boat,1844,BOAT,船
332_car,car,1111,CAR,车
333_saddle,saddle,3065,SADDLE,马鞍
334_whip,whip,2630,WHIP,鞭子
335_umbrella,umbrella,3105,UMBRELLA,伞
336_axe,axe,677,AXE,斧子
337_chopper,chopper,,,柴刀
338_hammer,hammer,1481,HAMMER,锤子
339_chisel,chisel,1979,CHISEL,凿子
340_saw,saw,1948,SAW,锯子
341_file,file,3407,FILE (TOOL),锉子
342_awl,awl,278,AWL,锥子
343_plane,plane,3408,PLANE (TOOL),刨子
344_tongs,tongs,272,TONGS,钳子
345_plough,plough,2154,PLOUGH (INSTRUMENT),犁
346_rake,rake,338,RAKE,耙
347_atypeofrake,a type of rake,,,钉耙
348_hoe,hoe,284,HOE,锄头
349_carryingpoleshoulderpole,carrying pole (shoulder pole),3432,SHOULDER POLE,扁担
350_rope,rope,1218,ROPE,绳子
351_sickle,sickle,341,SICKLE,镰刀
352_sack,sack,2990,SACK,麻袋
353_bamboobasketcarriedonback,bamboo basket (carried on back),3360,BAMBOO BASKET,箩筐
354_loom,loom,1787,LOOM,织布机
355_spinningwheel,spinning wheel,,,纺车
356_bow,bow,994,BOW,弓
357_arrow,arrow,977,ARROW,箭
358_somekindofweaponmeaningunclear,some kind of weapon (meaning unclear),,,锍
359_gunpowder,gunpowder,1798,GUNPOWDER,火药
360_bellow,bellow,,,风箱
361_net,net,2653,NET (FOR CATCHING),网
362_chimney,chimney,1305,CHIMNEY,囱
363_stonemill,stone mill,636,MILL,石磨
364_sieve,sieve,3353,SIEVE (TOOL),筛子
365_winnowingfan,winnowing fan,2051,DUSTPAN,簸箕
366_hook,hook,1071,HOOK,钩子
367_bed,bed,1663,BED,床
368_table,table,1775,TABLE,桌子
369_chair,chair,1476,CHAIR,椅子
370_stoolbench,stool (bench),2058,STOOL,凳子
371_box,box,1465,BOX,箱子
372_cupboard,cupboard,3357,CUPBOARD,柜子
373_shelf,shelf,745,SHELF,架子
374_broom,broom,245,BROOM,扫帚
375_brush,brush,1821,BRUSH,刷子
376_firewood,firewood,10,FIREWOOD,柴
377_stove,stove,859,STOVE,灶
378_wokorpan,wok (or pan),2056,WOK,锅
379_ricesteamer,rice steamer,3431,RICE STEAMER,甑子
380_vegetableknife,vegetable knife,2772,KITCHEN KNIFE,菜刀
381_bowl,bowl,1530,BOWL,碗
382_chopsticks,chopsticks,1987,CHOPSTICKS,筷子
383_spoon,spoon,1378,SPOON,勺子
384_wineglass,wine glass,,,酒杯
385_earthenjar,earthen jar,3409,EARTHEN JUG,坛子
386_watertank,water tank,,,水缸
387_bucket,bucket,2052,BUCKET,水桶
388_canjar,can (jar),3765,STORING POT,罐子
389_gourdladlewoodendipper,gourd ladle (wooden dipper),2657,LADLE,水瓢
390_firetongs,fire tongs,,,火钳
391_tubebambooforblowingonafire,tube (bamboo) for blowing on a fire,,,吹火筒
392_basket,basket,1539,BASKET,篮子
393_apieceofclothwithstrapsforcarryingatoddlersteelyardontheback,a piece of cloth with straps for carrying a toddler steelyard on the back,2973,STRAP,背带
394_fancanbeheldbysinglehand,fan (can be held by single hand),1971,FAN (OBJECT),扇子
395_scales,scales,2783,SCALES (MEASURE INSTRUMENT),秤
396_ruler,ruler,3405,RULER,尺子
397_needle,needle,1382,NEEDLE (FOR SEWING),针
398_scissors,scissors,356,SHEARS,剪刀
399_ladder,ladder,1464,LADDER,梯子
400_lock,lock,1596,LOCK,锁
401_key,key,1472,KEY,钥匙
402_lightlamp,light/ lamp,625,LAMP,灯
403_lantern,lantern,,,灯笼
404_mirror,mirror,1171,MIRROR,镜子
405_earring,earring,770,EARRING,耳环
406_bracelet,bracelet,1754,BRACELET,手镯
407_comb,comb,1475,COMB,梳子
408_coffin,coffin,2011,COFFIN,棺材
409_money,money,1559,MONEY,钱
410_goodsmerchandise,goods (merchandise),3406,MERCHANDISE,货物
411_drum,drum,908,DRUM,鼓
412_gong,gong,2502,GONG,锣
413_bell,bell,2246,BELL,钟
414_loudspeaker,loudspeaker,,,喇叭
416_candle,candle,1273,CANDLE,蜡烛
417_wordspeech,word (speech),1115,SPEECH,话
418_song,song,1096,SONG,歌
419_story,story,2060,STORY,故事
420_riddle,riddle,2970,RIDDLE,谜语
421_pen,pen,794,PEN,笔
422_book,book,963,BOOK,书
423_paper,paper,648,PAPER,纸
424_letter,letter,1612,LETTER,信
425_ball,ball,1845,BALL,球
426_flag,flag,2623,FLAG,旗子
427_card,card,2619,CARD,牌
428_one,one,1493,ONE,一
429_two,two,1498,TWO,二
430_three,three,492,THREE,三
431_four,four,1500,FOUR,四
432_five,five,493,FIVE,五
433_six,six,1703,SIX,六
434_seven,seven,1704,SEVEN,七
435_eight,eight,1705,EIGHT,八
436_nine,nine,1483,NINE,九
437_ten,ten,1515,TEN,十
438_eleven,eleven,1706,ELEVEN,十一
439_twelve,twelve,1707,TWELVE,十二
440_thirteen,thirteen,1708,THIRTEEN,十三
441_fourteen,fourteen,2451,FOURTEEN,十四
442_fifteen,fifteen,1709,FIFTEEN,十五
443_sixteen,sixteen,2454,SIXTEEN,十六
444_seventeen,seventeen,2453,SEVENTEEN,十七
445_eighteen,eighteen,1713,EIGHTEEN,十八
446_nineteen,nineteen,1714,NINETEEN,十九
447_twenty,twenty,1710,TWENTY,二十
448_thirty,thirty,1715,THIRTY,三十
449_hundred,hundred,1634,HUNDRED,百
450_classifierforperson,classifier for person,516,PERSON (CLASSIFIER),位（客）
451_classifierforegg,classifier for egg,3417,EGG (CLASSIFIER),个（蛋）
452_classifierforbirds,classifier for birds,2081,CHICKEN (CLASSIFIER),只（鸡）
453_classifierforrivers,classifier for rivers,3418,RIVER (CLASSIFIER),条（河）
454_classifierfortrees,classifier for trees,2721,TREE (CLASSIFIER),棵（树）
455_classifierforsticks,classifier for sticks,2085,STICK (CLASSIFIER),根（棍）
456_classifierforstones,classifier for stones,3419,STONE (CLASSIFIER),块
457_classifierforpairs,classifier for pairs,2089,PAIR (CLASSIFIER),双
458_classifierforstoreys,classifier for storeys,3420,STOREY (CLASSIFIER),层
459_classifierforclothing,classifier for clothing,2088,CLOTHING (CLASSIFIER),件
460_sentenceofspeech,sentence (of speech),3421,SENTENCE (CLASSIFIER),句
461_classifierforsongs,classifier for songs,3422,SONG (CLASSIFIER),首
462_jin05kg,jin (=0.5 kg.),2647,CATTY (MASS UNIT),斤
463_tael50grams,tael (-50 grams),,,两
464_zhang10feet,zhang (=10 feet),,,丈
465_foot13meter,foot (=1/3 meter),2782,FOOT (MEASURE),尺
466_yuanunitofpayment,yuan (unit of payment),,,元
467_year,year,1226,YEAR,年
468_month,month,1370,MONTH,月
469_day,day,1260,DAY (24 HOURS),天
470_classifierforyears,classifier for years,,,岁
471_everyday,everyday,,,每天
472_front,front,2194,FRONT (PART),前面
473_back,back,1686,BEHIND,后面
474_left,left,244,LEFT,左边
475_right,right,1019,RIGHT,右边
476_on,on,57,ATOP,上边
477_under,under,1485,BELOW OR UNDER,下边
478_inside,inside,1606,INSIDE,里边
479_outside,outside,762,OUTSIDE,外边
480_middle,middle,1093,MIDDLE,中间
481_side,side,682,SIDE,旁边
482_today,today,1283,TODAY,今天
483_tomorrow,tomorrow,1329,TOMORROW,明天
484_yesterday,yesterday,1174,YESTERDAY,昨天
485_dayaftertomorrow,day after tomorrow,1179,DAY AFTER TOMORROW,后天
486_forenoon,forenoon,2775,FORENOON,上午
487_noon,noon,12,MIDDAY,中午
488_afternoon,afternoon,1807,AFTERNOON,下午
489_morning,morning,1339,MORNING,早晨
490_evening,evening,1629,EVENING,晚上
491_midnight,midnight,,,半夜
492_1stdayofthelunarmonth,1st day of the lunar month,3354,FIRST DAY OF THE MONTH,初一
493_2nddayofthelunarmonth,2nd day of the lunar month,3355,SECOND DAY OF THE MONTH,初二
494_3rddayofthelunarmonth,3rd day of the lunar month,3352,THIRD DAY OF THE MONTH,初三
495_january,January,2036,JANUARY,正月
496_february,February,2037,FEBRUARY,二月
497_march,March,2846,MARCH,三月
498_april,April,2847,APRIL,四月
499_may,May,2848,MAY (MONTH),五月
500_june,June,2849,JUNE,六月
501_july,July,2850,JULY,七月
502_august,August,2851,AUGUST,八月
503_september,September,2852,SEPTEMBER,九月
504_october,October,2853,OCTOBER,十月
505_november,November,2854,NOVEMBER,十一月
506_december,December,2855,DECEMBER,十二月
507_thisyear,this year,513,THIS YEAR,今年
508_lastyear,last year,514,LAST YEAR,去年
509_nextyear,next year,515,NEXT YEAR,明年
510_now,now,1376,NOW,现在
511_inthefuture,in the future,,,将来
512_inthepast,in the past,,,从前
513_i,I,1209,I,我
514_we,we,1212,WE,我们
515_yousingular,you (singular),1215,THOU,你
516_youplural,you (plural),1213,YOU,你们
517_heorshe,he or she,2642,HE OR SHE,他
518_they,they,817,THEY,他们
519_everybody,everybody,98,ALL,大家
520_oneself,oneself,1993,SELF,自己
521_anotherperson,another person,,,别人
522_this,this,1214,THIS,这
523_that,that,78,THAT,那
524_what,what,1236,WHAT,什么
525_which,which,727,WHICH,哪个
526_where,where,1237,WHERE,哪里
527_biglarge,big (large),1202,BIG,大
528_small,small,1246,SMALL,小
529_hightall,high (tall),1265,HIGH,高
530_lowshort,low (short),721,LOW,矮、低
531_long,long,1203,LONG,长
532_short,short,1645,SHORT,短
533_fardistant,far/ distant,1406,FAR,远
534_near,near,1942,NEAR,近
535_wide,wide,1243,WIDE,宽
536_narrow,narrow,1267,NARROW,窄
537_thick,thick,1244,THICK,厚
538_thin,thin,2306,THIN (OF LEAF AND CLOTH),薄
539_deep,deep,1593,DEEP,深
540_shallow,shallow,193,SHALLOW,浅
541_full,full,1429,FULL,满
542_empty,empty,1624,EMPTY,空
543_many,many,1198,MANY,多
544_few,few,1242,FEW,少
545_angular,angular,2757,ANGULAR (SQUAREFORMED),方
546_round,round,1395,ROUND,圆
547_flatandshallow,flat (and shallow),,,扁
548_pointed,pointed,372,POINTED,尖
549_flatlevel,flat (level),1633,FLAT,平
550_straight,straight,1404,STRAIGHT,直
551_horizontal,horizontal,2376,HORIZONTAL,横
552_bendcurved,bend (curved),297,CROOKED,弯
553_black,black,163,BLACK,黑
554_white,white,1335,WHITE,白
555_red,red,156,RED,红
556_yellow,yellow,1424,YELLOW,黄
557_green,green,1425,GREEN,绿
558_blue,blue,837,BLUE,蓝
559_bright,bright,679,BRIGHT,亮
560_dark,dark,706,DARK,暗
561_heavy,heavy,1210,HEAVY,重
562_lightweight,light (weight),1052,LIGHT (WEIGHT),轻
563_quickfast,quick/ fast,1631,FAST,快
564_slow,slow,701,SLOW,慢
565_early,early,672,EARLY,早
566_late,late,425,BE LATE,迟
567_sharp,sharp,1396,SHARP,锋利
568_clearwater,clear (water),1147,PURE,清
569_thinhair,thin (hair),2305,THIN (OF HAIR AND THREAD),稀（疏）
570_tightlywovenfabric,tightly woven (fabric),,,蜜（稠）
571_heavyintaste,heavy (in taste),2718,STRONG (OF DRINK),浓
572_muddy,muddy,,,稠（浊）
573_lightintaste,light (in taste),2181,LIGHT (IN TASTE),淡
574_fat,fat,1279,FAT (OBESE),胖
575_thinslim,thin (slim),1400,THIN (SLIM),痩
576_dry,dry,1398,DRY,干枯
577_wet,wet,1726,WET,湿
578_hard,hard,1884,HARD,硬
579_soft,soft,1856,SOFT,软
580_aliveliving,alive (living),1422,BE ALIVE,活
581_die,die,1494,DIE,死
582_light,light,630,LIGHT (RADIATION),光
583_loose,loose,2506,LOOSE,松
584_tight,tight ,3053,TIGHT,紧
585_neat,neat,,,齐
586_rightcorrect,right (correct),1725,CORRECT (RIGHT),对
587_wrong,wrong,1390,WRONG,错
588_true,true,1657,TRUE,真
589_false,false,3069,FALSE,假
590_rawuncooked,raw (uncooked),1959,RAW,生
591_cooked,cooked,269,COOKED,熟
592_new,new,1231,NEW,新
593_oldused,old (used),2113,OLD (USED),旧
594_good,good,1035,GOOD,好
595_bad,bad,1292,BAD,坏
596_highsocialstatus,high social status,,,贵
597_lowsocialstatus,low social status,,,贱
598_oldaged,old (aged),2112,OLD (AGED),老
599_tenderyoung,tender (young),,,嫩
600_beautiful,beautiful,1427,BEAUTIFUL,美
601_ugly,ugly,1548,UGLY,丑
602_hot,hot,1286,HOT,热
603_cold,cold,1287,COLD,冷
604_difficult,difficult,584,DIFFICULT,难
605_easy,easy,686,EASY,容易
606_fragrantsmell,fragrant (smell),376,FRAGRANT,香
607_stinkysmell,stinky (smell),42,STINKING,臭
608_sour,sour,1906,SOUR,酸
609_sweet,sweet,717,SWEET,甜
610_bitter,bitter,887,BITTER,苦
611_spicy,spicy,544,SPICY,辣
612_salty,salty,1091,SALTY,咸
614_busy,busy,2755,BUSY,忙
615_rich,rich,712,RICH,富
616_poor,poor,1674,POOR,穷
617_clean,clean,704,CLEAN,干净
618_dirty,dirty,1230,DIRTY,脏
619_satiated,satiated,106,SATIATED,饱
620_behungry,be hungry,1533,BE HUNGRY,饿
621_bethirsty,be thirsty,847,THIRSTY,渴
622_besleepy,be sleepy,,,困
623_betired,be tired,1757,TIRED,累
624_inhaste,in haste,,,急
625_smart,smart,2530,SMART,聪明
626_stupid,stupid,1518,STUPID,傻
627_diligent,diligent,2077,DILIGENT,勤快
628_lazy,lazy,1564,LAZY,懒
629_fierce,fierce,,,凶
630_loud,loud,377,LOUD,响
631_decoctherbalmedicine,decoct (herbal medicine),,,熬
632_pullup,pull up,,,拔
633_divide,divide,1119,DIVIDE,搻
634_movesomething,move (something),765,MOVE,搬
635_help,help,1897,HELP,帮助
636_bindtieup,bind (tie up),1917,TIE,捆绑
637_peelsomething,peel (something),275,PEEL,剥
638_hugembrace,hug (embrace),928,EMBRACE,抱
639_carryonback,carry on back,465,CARRY ON BACK,背
640_compare,compare,3429,COMPARE,比
641_braidsomething,braid (something),1043,BRAID,编（辫子）
642_weaveabasket,weave (a basket),3294,BRAID (VERB) OR WEAVE (BASKET),编（篮子）
643_change,change,1264,CHANGE,变
644_sick,sick,1847,SICK,病
645_patchrepair,patch (repair),2243,REPAIR,补
646_guessariddle,guess (a riddle),1932,GUESS,猜
647_stepverb,step (verb),575,TREAD,踩
648_hidesomething,hide (something),2486,HIDE,藏
649_pokesomething,poke (something),,,插
650_fold,fold,1470,FOLD,折
651_towindthreadoneakeel,to wind( thread one a keel),1113,WRAP,缠
652_sing,sing,1261,SING,唱
653_stirfry,stir-fry,2162,STIR FRY,炒
654_sink,sink,1088,SINK (DESCEND),沉
655_weighfood,weigh (food),1098,WEIGH,称
656_bedoneaccomplished,be done/ accomplished,1990,BECOME,成
657_eat,eat,1336,EAT,吃
658_pestle,pestle,225,PESTLE,舂
659_goout,go out,1107,GO OUT,出
660_hoeupweeds,hoe up (weeds),,,锄（革）
661_wearagarment,wear (a garment),976,WEAR,穿（衣）
662_putonshoes,put on (shoes),158,PUT ON,穿（鞋）
663_blowtrumpet,blow (trumpet),176,BLOW (WITH MOUTH),吹（喇叭）
664_twisthempfibers,twist (hemp fibers),430,TWIST,搓
665_promise,promise,1675,PROMISE,答应
666_crowofcocks,crow (of cocks),2074,CROW (VERB),打鸣
667_hitaperson,hit (a person),1433,HIT,打（人）
668_fireashot,fire (a shot),3180,SHOOT (WITH SLINGSHOT),打（枪）
669_wearahat,wear (a hat),3428,WEAR (ON HEAD),戴（帽）
670_wearabracelet,wear (a bracelet),,,戴（手镯）
671_falldown,fall down,,,倒（下）
672_arrive,arrive,1387,ARRIVE,到
673_pourout,pour out,1487,POUR,倒（水）
674_getacquire,get (acquire),694,GET,得到
675_wait,wait,1590,WAIT (FOR),等
676_dropsomething,drop (something),750,DROP,掉
677_hang,hang,2884,HANG,吊
678_falloverdown,fall over/ down,2894,TUMBLE (FALL DOWN),跌倒
679_setinmovement,set in movement,,,动
680_plugsomething,plug (something),,,堵塞
681_breakrope,break (rope),460,BREAK (OF ROPE),（线）断
682_breakstick,break (stick),459,SNAP (OF STICK),（扁担）断
683_dodge,dodge,,,躲避
684_chopintopieces,chop into pieces,2149,CHOP (INTO PIECES),剁
685_turnoveronbed,turn over (on bed),3537,TURN OVER,翻
686_haveafever,have a fever,2713,HAVE A FEVER,发烧
687_spinintoyarn,spin (into yarn),121,SPIN,纺
688_putouttopasture,put out to pasture,,,放（牛）
689_fly,fly,1441,FLY (MOVE THROUGH AIR),飞
690_separate,separate,1359,SEPARATE,分
691_sewup,sew (up),1457,SEW,缝
692_brood,brood,2075,BROOD (VERB),孵
693_putoneshandonsomethingforsupport,put one's hand on something for support,,,扶
694_float,float,1574,FLOAT,浮
695_shall,shall,,,（应）该
696_changesomething,change (something),2856,CHANGE (SOMETHING),改
697_pullaquiltoveroneself,pull (a quilt) over oneself,,,盖（被）
698_coverupobjects,cover up (objects),761,COVER,盖（锅）
699_dispel,dispel,30,DISPEL,赶走
700_dare,dare,1779,DARE,敢
701_tell,tell,1711,TELL,告诉
702_mowcutgrass,mow (cut grass),,,割（草）
703_give,give,1447,GIVE,给
704_ploughsomething,plough (something),1921,PLOUGH,耕
705_digthesoilpigsbehavior,dig the soil (pig’s behavior),,,（猪）拱（土）
706_windblow,(wind) blow,175,BLOW (OF WIND),刮
707_hangonthewall,hang (on the wall),357,HANG UP,挂
708_closethedoor,close (the door),1046,SHUT,关（门）
709_roll,roll,827,ROLL,滚
710_crossabridge,cross (a bridge),1367,CROSS,过（桥）
711_beshybashful,be shy/bashful,487,SHY,害羞
712_drink,drink,1401,DRINK,喝
713_hum,hum,,,哼
714_paddle,paddle,1849,ROW,划
715_changebecomedifferent,change (become different),2857,CHANGE (BECOME DIFFERENT),化
716_bepregnant,be pregnant,1123,PREGNANT,怀孕
717_repayadept,repay (a dept),,,还帐
718_exchange,exchange,2509,EXCHANGE,换
719_return,return,581,COME BACK,回来
720_knowtowrite,know (to write),2238,KNOW HOW,会（写）
721_squeeze,squeeze,1414,SQUEEZE,挤
722_remember,remember,707,REMEMBER,记得
723_pickupfoodwithchopsticks,pick up (food with chopsticks),,,夹
724_pickup,pick up,371,PICK UP,捡
725_scissor,scissor,2155,CUT (WITH SCISSORS),剪
726_irrigate,irrigate,3078,IRRIGATE,浇
727_barkofdog,bark (of dog),1206,BARKING,吠
728_bearfruit,bear (fruit),3054,BEAR FRUIT,结（果）
729_connectjoin,connect (join),2862,CONNECT,连接
730_untie,untie,352,UNTIE,解开
731_borrowmoney,borrow (money),1823,BORROW,借（钱）
732_enterahouse,enter (a house),749,ENTER,进（屋）
733_rescuesave,rescue (save),2008,RESCUE,救
734_sawsomething,saw (something),,,锯
735_openadoor,open (a door),1156,OPEN,开（门）
736_boilwater,boil (water),792,BOIL (OF LIQUID),（水）开
737_flowersblossom,(flowers) blossom,3287,BLOOM,（花）开
738_chopdowntrees,chop down (trees),355,CUT DOWN,砍（树）
739_chopbones,chop (bones),155,CHOP,砍（骨头）
740_look,look,1819,LOOK,看
741_see,see,1409,SEE,看见
742_carryonshoulder,carry on shoulder,413,CARRY ON SHOULDER,扛
743_roastsomething,roast (something),1962,ROAST (SOMETHING),烤（火）
744_cough,cough,879,COUGH,咳嗽
745_gnaw,gnaw,2706,GNAW,啃
746_cry,cry,1839,CRY,哭
747_defecate,defecate,676,SHIT (DEFECATE),拉屎
748_come,come,1446,COME,来
749_rot,rot,1728,ROTTEN,烂
750_break,break,680,BREAK (DESTROY OR GET DESTROYED),破裂
751_flow,flow,2003,FLOW,流
752_remain,remain,987,REMAIN,留
753_dripemitliquid,drip (emit liquid),2253,DRIP (EMIT LIQUID),漏
754_fall,fall,1280,FALL,落
755_scold,scold,299,SCOLD,骂
756_bury,bury,1719,BURY,埋
757_buy,buy,1869,BUY,买
758_sell,sell,1571,SELL,卖
760_extinguish,extinguish,127,EXTINGUISH,（火）灭
761_touchstroke,touch (stroke),1892,TOUCH,摸
762_whetaknife,whet (a knife),251,SHARPEN (SOMETHING),磨（刀）
763_grindflour,grind (flour),1033,GRIND,磨（面）
764_holdortake,hold or take,2104,HOLD OR TAKE,拿
765_recite,recite,,,念
766_vomit,vomit,1278,VOMIT,呕吐
767_crawl,crawl,96,CRAWL,爬行
768_climbatree,climb (a tree),1102,CLIMB,爬（树）
769_fearbeafraid,fear (be afraid),1419,FEAR (BE AFRAID),怕
770_strikebeat,strike (beat),2133,STRIKE OR BEAT,拍
771_run,run,1519,RUN,跑
772_soak,soak,,,泡
773_loosemoney,loose money,,,赔
774_spout,spout,,,喷
775_chopfirewood,chop (firewood),1437,SPLIT,劈
776_wornclothes,worn (clothes),,,（衣）破
777_rideahorse,ride (a horse),367,RIDE,骑
778_standup,stand up,570,STAND UP,起来
779_lead,lead,43,LEAD (GUIDE),牵
780_owemoney,owe (money),369,OWE,欠
781_robsomebody,rob (somebody),2073,ROB (VERB),抢
782_knock,knock,2396,KNOCK,敲
783_treatinvite,treat (invite),,,请
784_goleave,go (leave),695,GO,去
785_lacknothave,lack (not have),2329,LACK (NOT HAVE),缺
786_burn,burn,2102,BURN,燃
787_knowsomebody,know (somebody),2248,KNOW (SOMEBODY),认识
788_dissolve,dissolve,2334,MELT,融化
789_pee,pee,592,PISS,撒尿
790_sweep,sweep,230,SWEEP,扫
791_killaperson,kill (a person),1417,KILL,杀（人）
792_sievesomething,sieve (something),86,SIEVE,筛
793_dryinthesun,dry in the sun,3364,DRY IN SUN,晒
794_goupstairs,go upstairs,705,GO UP (ASCEND),上（楼）
795_burnsomething,burn (something),141,BURN (SOMETHING),烧（山）
796_shootanarrow,shoot (an arrow),1172,SHOOT,射
797_givebirth,give birth,1195,GIVE BIRTH,生（小孩）
798_becopula,be (copula),1579,BE,是
799_benotnegatedcopula,be not (negated copula),1269,NO,不是
800_gatherharvest,gather (harvest),7,GATHER,收（玉米）
801_preserveharvest,preserve harvest,1827,HARVEST CROPS,守（庄稼）
802_combsomething,comb (something),2070,COMB (VERB),梳
803_loseagame,lose (a game),3535,BE DEFEATED,输
804_count,count,1420,COUNT,数（钱）
805_tieacow,tie (a cow),2891,TIE UP (TETHER),拴（牛）
806_sleep,sleep,1585,SLEEP,睡觉
807_speak,speak,1623,SPEAK,说
808_sendaccompanysomebodyleaving,send (accompany somebody leaving),,,送（客）
809_presentasgift,present (as gift),,,赠送
810_shrink,shrink,54,SHRINK,缩
811_carry,carry,700,CARRY,抬
812_runaway,run away,2142,RUN AWAY,逃跑
813_beg,beg,3534,BEG,乞讨
814_painful,painful,1129,PAINFUL,疼
815_liftwithhand,lift (with hand),501,LIFT,提
816_fillupahollow,fill up (a hollow),2006,FILL,填
817_carrywithpoleonshoulder,carry with pole on shoulder,3438,CARRY (WITH POLE ON SHOULDER),挑（水）
818_jump,jump,1829,JUMP,跳
819_listen,listen,1608,LISTEN,听
820_hear,hear,1408,HEAR,听见
821_steal,steal,713,STEAL,偷
822_spit,spit,1440,SPIT,吐（痰）
823_push,push,1452,PUSH,推
824_retreat,retreat,421,RETREAT,退
825_pull,pull,1455,PULL,拖
826_undresstakeoffclothes,undress (take off clothes),1755,UNDRESS,脱（衣）
827_flaypulloffskin,flay (pull off skin),291,PULL OFF (SKIN),脱（皮）
828_dig,dig,1418,DIG,挖
829_forget,forget,1523,FORGET,忘记
830_feedpig,feed (pig),739,FEED,喂（猪）
831_tosmell,to smell,1586,SMELL (PERCEIVE),嗅
832_ask,ask,1309,ASK (INQUIRE),问
833_inhale,inhale,2705,INHALE,吸气
834_washdishes,wash (dishes),1453,WASH,洗（碗）
835_washclothes,wash (clothes),2503,LAUNDER (WASH CLOTHES),洗（衣）
836_godownstairs,go downstairs,2014,GO DOWN (DESCEND),下（楼）
837_rainfall,(rain) fall,1253,RAIN (RAINING),下（雨）
838_givebirthanimals,give birth (animals),,,下（小猪）
839_think,think,2271,THINK,想
840_parepeelwithaknife,pare (peel with a knife),,,削
841_laughsmile,laugh (smile),1355,LAUGH,笑
842_wakeup,wake up,1602,WAKE UP,醒
843_choose,choose,1750,CHOOSE,选
844_seek,seek,,,寻找
845_press,press,1913,PRESS,压
846_itch,itch,149,ITCHY,痒
847_shakehead,shake (head),1909,SHAKE,摇
848_bite,bite,1403,BITE,咬
849_wantneed,want (need),1784,WANT,要
850_moveoneself,move (oneself),2874,MOVE (ONESELF),移动
851_swim,swim,1439,SWIM,游
852_thereisorthereare,there is or there are,2152,THERE IS OR THERE ARE,有
853_thereisnotortherearenot,there is not or there are not,,,没有
854_planttrees,plant (trees),1486,PLANT (SOMETHING),栽
855_frysomething,fry (something),991,FRY,炸
856_stand,stand,1442,STAND,站
857_growup,grow up,552,GROW UP,长（大）
858_bloatedofstomach,bloated (of stomach),,,胀
859_lookfor,look for,1468,LOOK FOR,找
860_illuminate,illuminate,,,照
861_breakcleave,break (cleave),2558,BREAK (CLEAVE),折断
862_fight,fight,1423,FIGHT,争
863_steam,steam,2067,STEAM (VERB),蒸
864_know,know,1410,KNOW (SOMETHING),知道
865_weave,weave,133,WEAVE,织（布）
866_pointat,point at,2669,POINT (WITH FINGER),指
867_swelloftissue,swell (of tissue),1573,SWELL,肿
868_plantvegetables,plant (vegetables),2064,SCATTER (SEEDS),种（菜）
869_cookboil,cook (boil),1100,COOK (SOMETHING),煮
870_livereside,live (reside),363,"DWELL (LIVE, RESIDE)",住
871_scratch,scratch,1436,SCRATCH,抓
872_turnaround,turn around,1444,TURN AROUND,转（身）
873_turn,turn,1445,TURN (SOMETHING),转动
874_loadputintocontainer,load (put into container),1679,LOAD,装
875_pursue,pursue,1047,PURSUE,追
876_catch,catch,702,CATCH,捉
877_peckbirds,peck (birds),,,啄
878_walk,walk,1443,WALK,走
879_drunk,drunk,1463,DRUNK,醉
880_sit,sit,1416,SIT,坐
881_dosomething,do (something),813,DO,做
882_not,not,1240,NOT,不
883_all,all,,,都
884_also,also,,,也
885_very,very,1311,VERY,很
886_and,and,1577,AND,和
887_genitivemarker,genitive marker,,,的
888_verynominal,very (nominal),,,极
